region,province,commune,id_commune,circ,parti,candidat,id_candidat
"كلميم -واد نون","أسا - الزاك","آسا","248","3718","USFP","السالك لبكام","92175"
"كلميم -واد نون","أسا - الزاك","آسا","248","3718","USFP","بنت اخوالها بوستة","92238"
"كلميم -واد نون","أسا - الزاك","آسا","248","25424","USFP","الطاهر سغير","40461"
"كلميم -واد نون","أسا - الزاك","آسا","248","25424","USFP","زاهة المكراز","40475"
"كلميم -واد نون","أسا - الزاك","آسا","248","3715","USFP","محمود عبا","25400"
"كلميم -واد نون","أسا - الزاك","آسا","248","3721","USFP","الوافي الخرشي","19473"
"كلميم -واد نون","أسا - الزاك","آسا","248","3721","USFP","سمية بعيك","19511"
"كلميم -واد نون","أسا - الزاك","آسا","248","3716","USFP","محمد حمرو","30712"
"كلميم -واد نون","أسا - الزاك","آسا","248","3714","USFP","احمد تيكمارين","19239"
"كلميم -واد نون","أسا - الزاك","آسا","248","3725","USFP","حامدي وايسي","27083"
"كلميم -واد نون","أسا - الزاك","آسا","248","3726","USFP","سيدى احمد قيس","19154"
"كلميم -واد نون","أسا - الزاك","آسا","248","3722","USFP","محمد الاساوي","25356"
"كلميم -واد نون","أسا - الزاك","آسا","248","3720","UC","سيد احمد ايدر","7461"
"كلميم -واد نون","أسا - الزاك","آسا","248","25425","UC","محمد سالم يدر","90614"
"كلميم -واد نون","أسا - الزاك","آسا","248","3719","UC","محمد  مبارك بشي","91955"
"كلميم -واد نون","أسا - الزاك","آسا","248","3717","PAM","رشيد التامك","91203"
"كلميم -واد نون","أسا - الزاك","آسا","248","3717","PAM","ابركهم شرقي","91324"
"كلميم -واد نون","أسا - الزاك","آسا","248","3723","PAM","البشير تامك","121906"
"كلميم -واد نون","أسا - الزاك","آسا","248","3724","PI","سعيد احشاش","101536"
"كلميم -واد نون","أسا - الزاك","الزاك","1512","23662","PAM","المختار عبد الدائم","117538"
"كلميم -واد نون","أسا - الزاك","الزاك","1512","25428","PAM","الوالي الخليفي","77953"
"كلميم -واد نون","أسا - الزاك","الزاك","1512","25428","PAM","للا عيلول","78035"
"كلميم -واد نون","أسا - الزاك","الزاك","1512","23663","PAM","سيدي المولود اهبير","117492"
"كلميم -واد نون","أسا - الزاك","الزاك","1512","23663","PAM","المعلومة جرموني","117576"
"كلميم -واد نون","أسا - الزاك","الزاك","1512","23660","PAM","نفعي باري","56767"
"كلميم -واد نون","أسا - الزاك","الزاك","1512","23660","PAM","اسويلمة الكوناني","56817"
"كلميم -واد نون","أسا - الزاك","الزاك","1512","23656","PAM","حمادي منصور","77734"
"كلميم -واد نون","أسا - الزاك","الزاك","1512","23664","PAM","محمد كروش","117690"
"كلميم -واد نون","أسا - الزاك","الزاك","1512","23659","PAM","الطاهر لغفيري","40723"
"كلميم -واد نون","أسا - الزاك","الزاك","1512","25427","PAM","مولود حميدة","40679"
"كلميم -واد نون","أسا - الزاك","الزاك","1512","23658","PAM","لحسن اسحلي","78508"
"كلميم -واد نون","أسا - الزاك","الزاك","1512","23661","PI","مبارك قاسم","56587"
"كلميم -واد نون","أسا - الزاك","الزاك","1512","23661","PI","فاطمة عبدالدائم","78446"
"كلميم -واد نون","أسا - الزاك","الزاك","1512","23657","PI","عثمان عيلة","57072"
"كلميم -واد نون","أسا - الزاك","الزاك","1512","23655","PI","الحسن بودعكات","57201"
"كلميم -واد نون","أسا - الزاك","الزاك","1512","23654","PI","محمد الطيب اعيش","57250"
"كلميم -واد نون","أسا - الزاك","الزاك","1512","25429","PI","عالي الراحل","78765"
"كلميم -واد نون","أسا - الزاك","الزاك","1512","25426","USFP","عبد الخالق خليفي","25121"
"كلميم -واد نون","أسا - الزاك","المحبس","188","2777","RNI","الحبيب الدحمي","16659"
"كلميم -واد نون","أسا - الزاك","المحبس","188","2777","RNI","الغويلة كرماط","16674"
"كلميم -واد نون","أسا - الزاك","المحبس","188","2782","RNI","عياد كرماط","19605"
"كلميم -واد نون","أسا - الزاك","المحبس","188","2779","RNI","سعيد خليفة","25261"
"كلميم -واد نون","أسا - الزاك","المحبس","188","2778","RNI","محمد الحبيب رحاب","16612"
"كلميم -واد نون","أسا - الزاك","المحبس","188","2774","RNI","ابراهيم راك","16638"
"كلميم -واد نون","أسا - الزاك","المحبس","188","2781","PAM","محمد لباعلي","111450"
"كلميم -واد نون","أسا - الزاك","المحبس","188","2775","UC","سالم شرقي","77572"
"كلميم -واد نون","أسا - الزاك","المحبس","188","2775","UC","حبيبة من لايخاف","77713"
"كلميم -واد نون","أسا - الزاك","المحبس","188","2773","UC","محمد ابيدار","16697"
"كلميم -واد نون","أسا - الزاك","المحبس","188","2773","UC","نجاة ابدار","16704"
"كلميم -واد نون","أسا - الزاك","المحبس","188","2776","P Néo-Démocrates","محمد سالم بيدار","20029"
"كلميم -واد نون","أسا - الزاك","المحبس","188","2772","PPS","ابراهيم  عجاج","19954"
"كلميم -واد نون","أسا - الزاك","المحبس","188","2772","PPS","عزيزة باحيج","19982"
"كلميم -واد نون","أسا - الزاك","المحبس","188","2780","PUD","سعيد هباتي","57854"
"كلميم -واد نون","أسا - الزاك","تويزكي","1501","23475","USFP","الحسين موسي","6330"
"كلميم -واد نون","أسا - الزاك","تويزكي","1501","23475","USFP","رشيدة  مخوا","6363"
"كلميم -واد نون","أسا - الزاك","تويزكي","1501","23469","USFP","علي كدوار","22676"
"كلميم -واد نون","أسا - الزاك","تويزكي","1501","23469","USFP","محجيبة مروان","22686"
"كلميم -واد نون","أسا - الزاك","تويزكي","1501","23472","USFP","حمادي حيسون","1171"
"كلميم -واد نون","أسا - الزاك","تويزكي","1501","23477","USFP","براهيم شربار","1199"
"كلميم -واد نون","أسا - الزاك","تويزكي","1501","23470","USFP","رشيد الابرص","66483"
"كلميم -واد نون","أسا - الزاك","تويزكي","1501","23470","USFP","صفية تكدا","66549"
"كلميم -واد نون","أسا - الزاك","تويزكي","1501","23471","USFP","الحدرامي بنك","3103"
"كلميم -واد نون","أسا - الزاك","تويزكي","1501","23473","USFP","محمد بريب","3081"
"كلميم -واد نون","أسا - الزاك","تويزكي","1501","23474","RNI","بدة عدي","1224"
"كلميم -واد نون","أسا - الزاك","تويزكي","1501","23474","RNI","زينب برزيك","1960"
"كلميم -واد نون","أسا - الزاك","تويزكي","1501","23478","RNI","بلعيد بوكنين","1182"
"كلميم -واد نون","أسا - الزاك","تويزكي","1501","23476","RNI","بوجمعة البيض","1239"
"كلميم -واد نون","أسا - الزاك","تويزكي","1501","23479","PI","محمد اكرف","66210"
"كلميم -واد نون","أسا - الزاك","عوينة لهنا","223","3291","PAM","بوجمعة الرغاي","91857"
"كلميم -واد نون","أسا - الزاك","عوينة لهنا","223","3291","PAM","الغالية ديحي","91909"
"كلميم -واد نون","أسا - الزاك","عوينة لهنا","223","3288","PAM","امبارك بولعجيلي","90804"
"كلميم -واد نون","أسا - الزاك","عوينة لهنا","223","3288","PAM","اجميعة بولعجيلي","90886"
"كلميم -واد نون","أسا - الزاك","عوينة لهنا","223","3283","PAM","محمد مبارك باحنيني","89347"
"كلميم -واد نون","أسا - الزاك","عوينة لهنا","223","3283","PAM","حدهم لكحل","89487"
"كلميم -واد نون","أسا - الزاك","عوينة لهنا","223","3287","PAM","مصطافي اتحيس","90385"
"كلميم -واد نون","أسا - الزاك","عوينة لهنا","223","3287","PAM","سالمة الاياس","90596"
"كلميم -واد نون","أسا - الزاك","عوينة لهنا","223","3286","PAM","محمد اوبلا","89859"
"كلميم -واد نون","أسا - الزاك","عوينة لهنا","223","3292","PAM","السالك حمدا","91986"
"كلميم -واد نون","أسا - الزاك","عوينة لهنا","223","3284","PAM","مولود الاياس","89638"
"كلميم -واد نون","أسا - الزاك","عوينة لهنا","223","3289","USFP","احمد سالم خيار","57375"
"كلميم -واد نون","أسا - الزاك","عوينة لهنا","223","3285","USFP","عمار لخروف","57438"
"كلميم -واد نون","أسا - الزاك","عوينة لهنا","223","3290","USFP","احمد اياه","57439"
"كلميم -واد نون","أسا - الزاك","عوينة لهنا","223","3293","USFP","عبد الشكور اتحيس","118136"
"كلميم -واد نون","أسا - الزاك","عوينة يغمان","224","3304","PI","محمد لمين جغغى","22494"
"كلميم -واد نون","أسا - الزاك","عوينة يغمان","224","3304","PI","فاطمة سكيح","22508"
"كلميم -واد نون","أسا - الزاك","عوينة يغمان","224","3298","PI","محمد تريفيس","21479"
"كلميم -واد نون","أسا - الزاك","عوينة يغمان","224","3301","PI","سعيد وشريح","21376"
"كلميم -واد نون","أسا - الزاك","عوينة يغمان","224","3295","PI","الحسين المكاوي","21181"
"كلميم -واد نون","أسا - الزاك","عوينة يغمان","224","3300","RNI","الحسين الكتيف","21331"
"كلميم -واد نون","أسا - الزاك","عوينة يغمان","224","3299","RNI","عياد بلوش","21716"
"كلميم -واد نون","أسا - الزاك","عوينة يغمان","224","3299","RNI","عائشة المكاوي","21742"
"كلميم -واد نون","أسا - الزاك","عوينة يغمان","224","3303","RNI","احمد سالم بومحارة","21136"
"كلميم -واد نون","أسا - الزاك","عوينة يغمان","224","3297","RNI","مصطفى الزين","21195"
"كلميم -واد نون","أسا - الزاك","عوينة يغمان","224","3294","PAM","محمد بن اعمر","21621"
"كلميم -واد نون","أسا - الزاك","عوينة يغمان","224","3294","PAM","مليكة الحنصلي","21660"
"كلميم -واد نون","أسا - الزاك","عوينة يغمان","224","3302","PAM","محمد كرير","40816"
"كلميم -واد نون","أسا - الزاك","عوينة يغمان","224","3296","UC","عبد السلام لعويسيد","21788"
"كلميم -واد نون","أسا - الزاك","عوينة يغمان","224","3296","UC","فاطمة المدن","21833"
"كلميم -واد نون","أسا - الزاك","لبويرات","748","11779","PAM","فظلي شركاوي","39914"
"كلميم -واد نون","أسا - الزاك","لبويرات","748","11786","PAM","النعمة حمشيش","40057"
"كلميم -واد نون","أسا - الزاك","لبويرات","748","11786","PAM","توفة بونيت","40079"
"كلميم -واد نون","أسا - الزاك","لبويرات","748","11781","PAM","اعلي الريش","39837"
"كلميم -واد نون","أسا - الزاك","لبويرات","748","11781","PAM","خوال اغراس","39873"
"كلميم -واد نون","أسا - الزاك","لبويرات","748","11782","PAM","سالم الشويعر","39947"
"كلميم -واد نون","أسا - الزاك","لبويرات","748","11787","PAM","الكنتاوي الخرشي","39778"
"كلميم -واد نون","أسا - الزاك","لبويرات","748","11783","USFP","بوجمعة بوتوميت","40344"
"كلميم -واد نون","أسا - الزاك","لبويرات","748","11783","USFP","الغالية بوتوميت","40374"
"كلميم -واد نون","أسا - الزاك","لبويرات","748","11778","USFP","امبارك امريس","40297"
"كلميم -واد نون","أسا - الزاك","لبويرات","748","11788","PI","السالم الشرغي","25480"
"كلميم -واد نون","أسا - الزاك","لبويرات","748","11784","PI","محمد امبارك المعلولي","25396"
"كلميم -واد نون","أسا - الزاك","لبويرات","748","11784","PI","محجوبة الشرغي","25430"
"كلميم -واد نون","أسا - الزاك","لبويرات","748","11785","PI","حسن اغراسس","25450"
"كلميم -واد نون","أسا - الزاك","لبويرات","748","11780","PI","محمد دكوزي","25329"
"كلميم -واد نون","سيدي إفني","إبضر","605","9601","MP","ابراهيم اكندوز","41000"
"كلميم -واد نون","سيدي إفني","إبضر","605","9601","MP","جمعة برضاوز","41054"
"كلميم -واد نون","سيدي إفني","إبضر","605","9598","MP","الحسين الهلالي","54635"
"كلميم -واد نون","سيدي إفني","إبضر","605","9598","MP","فاضمة اسمكي","54654"
"كلميم -واد نون","سيدي إفني","إبضر","605","9595","MP","ابراهيم الناجم","1507"
"كلميم -واد نون","سيدي إفني","إبضر","605","9593","MP","الحسين خير الدين","31802"
"كلميم -واد نون","سيدي إفني","إبضر","605","9591","MP","عبد الوهاب اخصاصي","40959"
"كلميم -واد نون","سيدي إفني","إبضر","605","9591","MP","نعيمة عالم","40922"
"كلميم -واد نون","سيدي إفني","إبضر","605","9592","MP","علي رضا","26311"
"كلميم -واد نون","سيدي إفني","إبضر","605","9592","MP","خديجة صبري","26323"
"كلميم -واد نون","سيدي إفني","إبضر","605","9594","MP","المحفوظ اكفا","9030"
"كلميم -واد نون","سيدي إفني","إبضر","605","9599","MP","عبدالله اسول","94519"
"كلميم -واد نون","سيدي إفني","إبضر","605","9600","MP","امبارك كطيح","9018"
"كلميم -واد نون","سيدي إفني","إبضر","605","9597","PJD","الحسين العوايد","41074"
"كلميم -واد نون","سيدي إفني","إبضر","605","9596","PJD","احمد بدراري","40986"
"كلميم -واد نون","سيدي إفني","أربعاء آيت عبد الله","232","3413","USFP","لحسن  بلفقيه ","54877"
"كلميم -واد نون","سيدي إفني","أربعاء آيت عبد الله","232","3413","USFP","حفيظة الفقير","54884"
"كلميم -واد نون","سيدي إفني","أربعاء آيت عبد الله","232","3418","USFP","محمد المحجوب","54936"
"كلميم -واد نون","سيدي إفني","أربعاء آيت عبد الله","232","3418","USFP","مباركة المحجوب","54952"
"كلميم -واد نون","سيدي إفني","أربعاء آيت عبد الله","232","3417","USFP","علي اوبيروك","54895"
"كلميم -واد نون","سيدي إفني","أربعاء آيت عبد الله","232","3416","USFP","محمد  ابركان ","40706"
"كلميم -واد نون","سيدي إفني","أربعاء آيت عبد الله","232","3415","USFP","ابراهيم اضرضور","40675"
"كلميم -واد نون","سيدي إفني","أربعاء آيت عبد الله","232","3412","USFP","الحسن  اذ عماش","71038"
"كلميم -واد نون","سيدي إفني","أربعاء آيت عبد الله","232","3414","PI","محمد اكجكال","2677"
"كلميم -واد نون","سيدي إفني","أربعاء آيت عبد الله","232","3414","PI","جمعة اكجكال","2711"
"كلميم -واد نون","سيدي إفني","أربعاء آيت عبد الله","232","3419","PI","محمد ازبردي","2804"
"كلميم -واد نون","سيدي إفني","أربعاء آيت عبد الله","232","3419","PI","فاطمة اكجكال","2832"
"كلميم -واد نون","سيدي إفني","أربعاء آيت عبد الله","232","3410","PI","الحسن باعزي","2625"
"كلميم -واد نون","سيدي إفني","أربعاء آيت عبد الله","232","3411","PI","سعيد ايديحيا","2638"
"كلميم -واد نون","سيدي إفني","أربعاء آيت عبد الله","232","3420","MP","لحسن ابوناشط","9031"
"كلميم -واد نون","سيدي إفني","إمي نفاست","637","10010","USFP","الحسين هماد","40261"
"كلميم -واد نون","سيدي إفني","إمي نفاست","637","10010","USFP","مليكة بنبلعيد","40300"
"كلميم -واد نون","سيدي إفني","إمي نفاست","637","10009","USFP","محمد بلحسا","95161"
"كلميم -واد نون","سيدي إفني","إمي نفاست","637","10009","USFP","البتول خربيت","95178"
"كلميم -واد نون","سيدي إفني","إمي نفاست","637","10019","USFP","احمد دزيداز","95291"
"كلميم -واد نون","سيدي إفني","إمي نفاست","637","10019","USFP","تكدة موماد","95309"
"كلميم -واد نون","سيدي إفني","إمي نفاست","637","10014","USFP","ملعينين الربيو","54010"
"كلميم -واد نون","سيدي إفني","إمي نفاست","637","10015","USFP","جامع جمال","40333"
"كلميم -واد نون","سيدي إفني","إمي نفاست","637","10011","USFP","علي تكرتي","95234"
"كلميم -واد نون","سيدي إفني","إمي نفاست","637","10018","USFP","سلام بنمبيريك","95382"
"كلميم -واد نون","سيدي إفني","إمي نفاست","637","10017","USFP","مصطفى صبري","95414"
"كلميم -واد نون","سيدي إفني","إمي نفاست","637","10012","PJD","علي التكي","72370"
"كلميم -واد نون","سيدي إفني","إمي نفاست","637","10016","PJD","الحافظ العدي","72774"
"كلميم -واد نون","سيدي إفني","إمي نفاست","637","10013","RNI","ابراهيم سعود","72860"
"كلميم -واد نون","سيدي إفني","إمي نفاست","637","10013","RNI","مولودة توال","72904"
"كلميم -واد نون","سيدي إفني","أنفك","214","3142","USFP","الحسين كاضض","4649"
"كلميم -واد نون","سيدي إفني","أنفك","214","3144","USFP","ابراهيم الواعظ","4664"
"كلميم -واد نون","سيدي إفني","أنفك","214","3144","USFP","نعيمة الدهبى","132891"
"كلميم -واد نون","سيدي إفني","أنفك","214","3147","USFP","احمد العواد","20388"
"كلميم -واد نون","سيدي إفني","أنفك","214","3149","USFP","العربي كرومي","4686"
"كلميم -واد نون","سيدي إفني","أنفك","214","3150","USFP","الحفيض افقير","4684"
"كلميم -واد نون","سيدي إفني","أنفك","214","3146","USFP","ابراهيم حمرو","14499"
"كلميم -واد نون","سيدي إفني","أنفك","214","3151","USFP","الحفيظ الصابري","4704"
"كلميم -واد نون","سيدي إفني","أنفك","214","3143","USFP","مولاي المحفوض اكناون","4652"
"كلميم -واد نون","سيدي إفني","أنفك","214","3152","PJD","الحسين اكمي","14591"
"كلميم -واد نون","سيدي إفني","أنفك","214","3152","PJD","يمينة الذهبي","14614"
"كلميم -واد نون","سيدي إفني","أنفك","214","3148","MP","عابد بها","14669"
"كلميم -واد نون","سيدي إفني","أنفك","214","3148","MP","سميرة بها","14678"
"كلميم -واد نون","سيدي إفني","أنفك","214","3145","PAM","احمد الدوان","31879"
"كلميم -واد نون","سيدي إفني","أنفك","214","3145","PAM","فاطمة لاهوم","31864"
"كلميم -واد نون","سيدي إفني","آيت الرخا","114","1655","USFP","صالح بوليد","9000"
"كلميم -واد نون","سيدي إفني","آيت الرخا","114","1655","USFP","خدوج اطبجي","9011"
"كلميم -واد نون","سيدي إفني","آيت الرخا","114","1654","USFP","ابراهيم لهلاوي","40478"
"كلميم -واد نون","سيدي إفني","آيت الرخا","114","1654","USFP","زينب ابيورك","40507"
"كلميم -واد نون","سيدي إفني","آيت الرخا","114","1657","USFP","رضوان امحايل","9052"
"كلميم -واد نون","سيدي إفني","آيت الرخا","114","1657","USFP","فضمة بورحيم","9057"
"كلميم -واد نون","سيدي إفني","آيت الرخا","114","1653","USFP","محمد اوبطني","9014"
"كلميم -واد نون","سيدي إفني","آيت الرخا","114","1656","PAM","سعيد بنمبارك","4658"
"كلميم -واد نون","سيدي إفني","آيت الرخا","114","1652","PAM","عمر بن عبد الله","4666"
"كلميم -واد نون","سيدي إفني","آيت الرخا","114","1658","PAM","ابراهيم كوريح","40578"
"كلميم -واد نون","سيدي إفني","آيت الرخا","114","1651","PAM","لحسن ابكى","14519"
"كلميم -واد نون","سيدي إفني","آيت الرخا","114","1649","RNI","الحسين  هني ","121235"
"كلميم -واد نون","سيدي إفني","آيت الرخا","114","1648","PPS","محمد بوطعام","9062"
"كلميم -واد نون","سيدي إفني","آيت الرخا","114","1648","PPS","نعيمة كريم","9066"
"كلميم -واد نون","سيدي إفني","آيت الرخا","114","1650","PPS","عبد الرحمان الناتي","26165"
"كلميم -واد نون","سيدي إفني","اثنين أملو","1491","23347","USFP","المختار ترضاض","4546"
"كلميم -واد نون","سيدي إفني","اثنين أملو","1491","23347","USFP","رقية بكريمي","4556"
"كلميم -واد نون","سيدي إفني","اثنين أملو","1491","23354","USFP","محمد سوسان","19895"
"كلميم -واد نون","سيدي إفني","اثنين أملو","1491","23355","USFP","مولود عاشور","8646"
"كلميم -واد نون","سيدي إفني","اثنين أملو","1491","23353","USFP","عبد الله العزاوي","40388"
"كلميم -واد نون","سيدي إفني","اثنين أملو","1491","23345","RNI","الحسن الضعيف","26168"
"كلميم -واد نون","سيدي إفني","اثنين أملو","1491","23345","RNI","ايزة افوض","26208"
"كلميم -واد نون","سيدي إفني","اثنين أملو","1491","23352","RNI","مبارك بهاء","73071"
"كلميم -واد نون","سيدي إفني","اثنين أملو","1491","23346","RNI","ابراهيم ابعمران","53950"
"كلميم -واد نون","سيدي إفني","اثنين أملو","1491","23348","RNI","مبارك دداعلي","14180"
"كلميم -واد نون","سيدي إفني","اثنين أملو","1491","23349","PJD","محمد زبور","14492"
"كلميم -واد نون","سيدي إفني","اثنين أملو","1491","23349","PJD","الزهرة صدقي","14507"
"كلميم -واد نون","سيدي إفني","اثنين أملو","1491","23351","PJD","رشيد احكوم","8539"
"كلميم -واد نون","سيدي إفني","اثنين أملو","1491","23350","PAM","ابراهيم العوار","53556"
"كلميم -واد نون","سيدي إفني","اثنين أملو","1491","23350","PAM","مريم ادهمون","53442"
"كلميم -واد نون","سيدي إفني","اسبويا","1125","17783","RNI","محمد ارام","939"
"كلميم -واد نون","سيدي إفني","اسبويا","1125","17783","RNI","رقية بكريمي","983"
"كلميم -واد نون","سيدي إفني","اسبويا","1125","17789","RNI","الحسان حميد","1096"
"كلميم -واد نون","سيدي إفني","اسبويا","1125","17789","RNI","عائشة الدريوش","1104"
"كلميم -واد نون","سيدي إفني","اسبويا","1125","17784","RNI","مولود انفلوس","4512"
"كلميم -واد نون","سيدي إفني","اسبويا","1125","17786","RNI","عبدالله الاعرج","53996"
"كلميم -واد نون","سيدي إفني","اسبويا","1125","17786","RNI","محيجبة بوحلس","53943"
"كلميم -واد نون","سيدي إفني","اسبويا","1125","17788","RNI","عبد الرحمان السليماني","1070"
"كلميم -واد نون","سيدي إفني","اسبويا","1125","17791","USFP","عمر ارباع","13811"
"كلميم -واد نون","سيدي إفني","اسبويا","1125","17791","USFP","الزهرة كمور","13845"
"كلميم -واد نون","سيدي إفني","اسبويا","1125","17792","USFP","ياسين الراجي","13958"
"كلميم -واد نون","سيدي إفني","اسبويا","1125","17790","USFP","محمد سناد","19693"
"كلميم -واد نون","سيدي إفني","اسبويا","1125","17793","USFP","مبارك زوين","13887"
"كلميم -واد نون","سيدي إفني","اسبويا","1125","17785","USFP","عبدالرحمان الترياق","72409"
"كلميم -واد نون","سيدي إفني","اسبويا","1125","17787","PI","عمر امزوز","8505"
"كلميم -واد نون","سيدي إفني","الأخصاص","770","12132","PPS","علي دهوز","1561"
"كلميم -واد نون","سيدي إفني","الأخصاص","770","12132","PPS","خديجة الغربي","1579"
"كلميم -واد نون","سيدي إفني","الأخصاص","770","12133","PPS","عمر باهمان","1852"
"كلميم -واد نون","سيدي إفني","الأخصاص","770","12130","PPS","حفيض تليش","1532"
"كلميم -واد نون","سيدي إفني","الأخصاص","770","12130","PPS","فاطمة الزعيم","1546"
"كلميم -واد نون","سيدي إفني","الأخصاص","770","12134","PPS","احمد وهيا","1631"
"كلميم -واد نون","سيدي إفني","الأخصاص","770","12134","PPS","فاطمة مكدرن","1656"
"كلميم -واد نون","سيدي إفني","الأخصاص","770","12135","PPS","مبارك شهيبي","1705"
"كلميم -واد نون","سيدي إفني","الأخصاص","770","12135","PPS","مليكة بوتكضى","1719"
"كلميم -واد نون","سيدي إفني","الأخصاص","770","12140","PPS","لحسن عزوز","1902"
"كلميم -واد نون","سيدي إفني","الأخصاص","770","12131","PPS","محمد وعزيز","1818"
"كلميم -واد نون","سيدي إفني","الأخصاص","770","12138","PPS","محمد بوتو","1797"
"كلميم -واد نون","سيدي إفني","الأخصاص","770","12136","PPS","عمر ادعمر","1780"
"كلميم -واد نون","سيدي إفني","الأخصاص","770","12139","PPS","ابراهيم الشفياني","1883"
"كلميم -واد نون","سيدي إفني","الأخصاص","770","12137","USFP","العربي دهيوير","55017"
"كلميم -واد نون","سيدي إفني","بوطروش","418","6466","USFP","الحسين اكرور","76933"
"كلميم -واد نون","سيدي إفني","بوطروش","418","6466","USFP","فاضمة صبري","76979"
"كلميم -واد نون","سيدي إفني","بوطروش","418","6471","USFP","محمد ضاني","26359"
"كلميم -واد نون","سيدي إفني","بوطروش","418","6473","USFP","عبدالرحمن سمير","26404"
"كلميم -واد نون","سيدي إفني","بوطروش","418","6472","USFP","المحفوظ هزو","26338"
"كلميم -واد نون","سيدي إفني","بوطروش","418","6474","USFP","احمد طيفور","26326"
"كلميم -واد نون","سيدي إفني","بوطروش","418","6464","RNI","سعيد ادمشيش","26382"
"كلميم -واد نون","سيدي إفني","بوطروش","418","6464","RNI","مليكة نيشان","26390"
"كلميم -واد نون","سيدي إفني","بوطروش","418","6467","MP","لحسن اويطو","40641"
"كلميم -واد نون","سيدي إفني","بوطروش","418","6467","MP","جمعة اسول","40664"
"كلميم -واد نون","سيدي إفني","بوطروش","418","6470","MP","محمد نيشان","26407"
"كلميم -واد نون","سيدي إفني","بوطروش","418","6469","MP","محمد ملحسا","26363"
"كلميم -واد نون","سيدي إفني","بوطروش","418","6465","PPS","الحسين لاهم","31667"
"كلميم -واد نون","سيدي إفني","بوطروش","418","6465","PPS","جمعة احجوب","31659"
"كلميم -واد نون","سيدي إفني","بوطروش","418","6468","PJD","عبد الله موستابشر","14384"
"كلميم -واد نون","سيدي إفني","تغيرت","1440","22701","MP","احمد اعطشان","26307"
"كلميم -واد نون","سيدي إفني","تغيرت","1440","22701","MP","فاطمة القاضي","26296"
"كلميم -واد نون","سيدي إفني","تغيرت","1440","22707","MP","الطاهر ادوزان","14419"
"كلميم -واد نون","سيدي إفني","تغيرت","1440","22702","USFP","محمد بودادي","14477"
"كلميم -واد نون","سيدي إفني","تغيرت","1440","22702","USFP","لطيفة  الرامي ","14494"
"كلميم -واد نون","سيدي إفني","تغيرت","1440","22706","USFP","عمار امهزول","4654"
"كلميم -واد نون","سيدي إفني","تغيرت","1440","22703","USFP","الحسن مماد","14438"
"كلميم -واد نون","سيدي إفني","تغيرت","1440","22699","USFP","المحفوض دستور","9042"
"كلميم -واد نون","سيدي إفني","تغيرت","1440","22700","USFP","احمد ابنيين","9068"
"كلميم -واد نون","سيدي إفني","تغيرت","1440","22704","USFP","محمد اكني","29261"
"كلميم -واد نون","سيدي إفني","تغيرت","1440","22700","USFP","هرو وقاد","9071"
"كلميم -واد نون","سيدي إفني","تغيرت","1440","22705","USFP","محمد ووكري","26282"
"كلميم -واد نون","سيدي إفني","تغيرت","1440","22698","PPS","المحفوض جالي","9024"
"كلميم -واد نون","سيدي إفني","تغيرت","1440","22698","PPS","كلتومة المحى","9033"
"كلميم -واد نون","سيدي إفني","تغيرت","1440","22708","PPS","سعيد كومس","20533"
"كلميم -واد نون","سيدي إفني","تنكرفا","1377","21688","USFP","محمد واسع","13389"
"كلميم -واد نون","سيدي إفني","تنكرفا","1377","21692","USFP","ابراهيم بوليد","4696"
"كلميم -واد نون","سيدي إفني","تنكرفا","1377","21693","USFP","محمد زربان","8751"
"كلميم -واد نون","سيدي إفني","تنكرفا","1377","21684","USFP","محمد مرجان","8690"
"كلميم -واد نون","سيدي إفني","تنكرفا","1377","21691","USFP","مبارك انفلوس","13344"
"كلميم -واد نون","سيدي إفني","تنكرفا","1377","21690","USFP","احمد اصميو","53931"
"كلميم -واد نون","سيدي إفني","تنكرفا","1377","21685","PAM","ملود بكرتي","72476"
"كلميم -واد نون","سيدي إفني","تنكرفا","1377","21685","PAM","عويشة زلفى","72548"
"كلميم -واد نون","سيدي إفني","تنكرفا","1377","21687","PAM","الركراكي بيدري","72750"
"كلميم -واد نون","سيدي إفني","تنكرفا","1377","21687","PAM","سعاد التومي","72794"
"كلميم -واد نون","سيدي إفني","تنكرفا","1377","21683","PAM","محمد بنران","40173"
"كلميم -واد نون","سيدي إفني","تنكرفا","1377","21683","PAM","السعدية ابلعيد","40351"
"كلميم -واد نون","سيدي إفني","تنكرفا","1377","21686","PAM","محمد ابدرار","127298"
"كلميم -واد نون","سيدي إفني","تنكرفا","1377","21689","RNI","مبارك ايت تمزكوا","53831"
"كلميم -واد نون","سيدي إفني","تنكرفا","1377","21689","RNI","مولودة ثمناين","53765"
"كلميم -واد نون","سيدي إفني","تيوغزة","1462","22988","USFP","الحسن المقدم","92986"
"كلميم -واد نون","سيدي إفني","تيوغزة","1462","22988","USFP","فضمة الكديل","94480"
"كلميم -واد نون","سيدي إفني","تيوغزة","1462","22995","USFP","ابراهيم بوركا","114106"
"كلميم -واد نون","سيدي إفني","تيوغزة","1462","22997","USFP","سليمان بركة","55092"
"كلميم -واد نون","سيدي إفني","تيوغزة","1462","22997","USFP","نعيمة بارودي","55109"
"كلميم -واد نون","سيدي إفني","تيوغزة","1462","22992","USFP","سليمان لبيب","40775"
"كلميم -واد نون","سيدي إفني","تيوغزة","1462","22993","USFP","عبد الله باري","55050"
"كلميم -واد نون","سيدي إفني","تيوغزة","1462","22989","USFP","عبد الله ركيك","70645"
"كلميم -واد نون","سيدي إفني","تيوغزة","1462","22990","USFP","ابراهيم بوطاهر","55006"
"كلميم -واد نون","سيدي إفني","تيوغزة","1462","23000","PAM","الحسين ادابير","13449"
"كلميم -واد نون","سيدي إفني","تيوغزة","1462","23000","PAM","فاطمة سوسي","13490"
"كلميم -واد نون","سيدي إفني","تيوغزة","1462","22991","PAM","محمد فرت","31540"
"كلميم -واد نون","سيدي إفني","تيوغزة","1462","22991","PAM","فطيمة  الاشكر","31570"
"كلميم -واد نون","سيدي إفني","تيوغزة","1462","22994","PAM","الحسين المجوطي","93297"
"كلميم -واد نون","سيدي إفني","تيوغزة","1462","22999","PAM","احمد  اباكريم","13541"
"كلميم -واد نون","سيدي إفني","تيوغزة","1462","22998","RNI","الحسن تكنزا","19962"
"كلميم -واد نون","سيدي إفني","تيوغزة","1462","22996","P Néo-Démocrates","عمر الهرواشي","70318"
"كلميم -واد نون","سيدي إفني","سبت النابور","1128","17832","MP","محمد حريرد","20575"
"كلميم -واد نون","سيدي إفني","سبت النابور","1128","17833","MP","الحسين لركو","20550"
"كلميم -واد نون","سيدي إفني","سبت النابور","1128","17833","MP","كلتومة الفقير","20561"
"كلميم -واد نون","سيدي إفني","سبت النابور","1128","17839","MP","لحسن بهمو","26221"
"كلميم -واد نون","سيدي إفني","سبت النابور","1128","17839","MP","عائشة بوالحديث","26260"
"كلميم -واد نون","سيدي إفني","سبت النابور","1128","17836","MP","الحسين حيدا","20520"
"كلميم -واد نون","سيدي إفني","سبت النابور","1128","17834","MP","الحسين ازكزاو","20545"
"كلميم -واد نون","سيدي إفني","سبت النابور","1128","17842","USFP","ناصر الدين مومو","31631"
"كلميم -واد نون","سيدي إفني","سبت النابور","1128","17842","USFP","لطيفة جندرى","31607"
"كلميم -واد نون","سيدي إفني","سبت النابور","1128","17837","USFP","محمد بولفروع","40743"
"كلميم -واد نون","سيدي إفني","سبت النابور","1128","17841","USFP","احمد شباع","40670"
"كلميم -واد نون","سيدي إفني","سبت النابور","1128","17840","USFP","محمد بوهدي","40738"
"كلميم -واد نون","سيدي إفني","سبت النابور","1128","17840","USFP","ربيعة بولفروع","40756"
"كلميم -واد نون","سيدي إفني","سبت النابور","1128","17838","USFP","الحسين انفلوس","40726"
"كلميم -واد نون","سيدي إفني","سبت النابور","1128","17835","PAM","علي بومحير","54758"
"كلميم -واد نون","سيدي إفني","سيدي إفني","1238","19527","USFP","محمد ايجوي","8841"
"كلميم -واد نون","سيدي إفني","سيدي إفني","1238","19527","USFP","فاطم الزهراء صادق","8876"
"كلميم -واد نون","سيدي إفني","سيدي إفني","1238","19532","USFP","عمار بهوش","20683"
"كلميم -واد نون","سيدي إفني","سيدي إفني","1238","19532","USFP","فاطمة بنطالب","20662"
"كلميم -واد نون","سيدي إفني","سيدي إفني","1238","19520","USFP","احمد بوفايم","8681"
"كلميم -واد نون","سيدي إفني","سيدي إفني","1238","19523","USFP","محمد بابرياش","72508"
"كلميم -واد نون","سيدي إفني","سيدي إفني","1238","19518","USFP","سعيد لاشكر","8655"
"كلميم -واد نون","سيدي إفني","سيدي إفني","1238","19515","USFP","الطاهر وسعيد","40606"
"كلميم -واد نون","سيدي إفني","سيدي إفني","1238","19530","USFP","الحسين المزدوغي","14302"
"كلميم -واد نون","سيدي إفني","سيدي إفني","1238","19529","USFP","محمد بودري","53520"
"كلميم -واد نون","سيدي إفني","سيدي إفني","1238","19517","USFP","مبارك ابحري","14318"
"كلميم -واد نون","سيدي إفني","سيدي إفني","1238","19516","PAM","احمد الكزار","94333"
"كلميم -واد نون","سيدي إفني","سيدي إفني","1238","19524","PAM","ابراهيم زويكة","72699"
"كلميم -واد نون","سيدي إفني","سيدي إفني","1238","19514","PAM","ابراهيم كدلولي","72458"
"كلميم -واد نون","سيدي إفني","سيدي إفني","1238","19510","PAM","عزيز  بوقشاب","93386"
"كلميم -واد نون","سيدي إفني","سيدي إفني","1238","19513","PAM","عمار بوالحليب","93809"
"كلميم -واد نون","سيدي إفني","سيدي إفني","1238","19521","PAM","ادريس اشنيض","93579"
"كلميم -واد نون","سيدي إفني","سيدي إفني","1238","19522","PAM","الحسن لكواس","72294"
"كلميم -واد نون","سيدي إفني","سيدي إفني","1238","19526","PAM","عبد الرحمان فبيان","3713"
"كلميم -واد نون","سيدي إفني","سيدي إفني","1238","19511","PJD","رشيد هرباز","53728"
"كلميم -واد نون","سيدي إفني","سيدي إفني","1238","19511","PJD","ثورية المرافق","53761"
"كلميم -واد نون","سيدي إفني","سيدي إفني","1238","19525","PI","عزيز بزايو","40525"
"كلميم -واد نون","سيدي إفني","سيدي إفني","1238","19525","PI","الزهرة العود","40545"
"كلميم -واد نون","سيدي إفني","سيدي إفني","1238","19531","PI","عبد الله البوكرفاوي","20692"
"كلميم -واد نون","سيدي إفني","سيدي إفني","1238","19519","PI","عبدالرحمن الراجي","8461"
"كلميم -واد نون","سيدي إفني","سيدي إفني","1238","19512","PPS","عمر بوفيم","1049"
"كلميم -واد نون","سيدي إفني","سيدي إفني","1238","19528","RNI","ادريس الفقراوي","93899"
"كلميم -واد نون","سيدي إفني","سيدي احساين أو علي","1229","19391","USFP","احمد ادبوهوش","54842"
"كلميم -واد نون","سيدي إفني","سيدي احساين أو علي","1229","19393","USFP","عمر هموش","55084"
"كلميم -واد نون","سيدي إفني","سيدي احساين أو علي","1229","19393","USFP","كلثومة العنبوبي","55032"
"كلميم -واد نون","سيدي إفني","سيدي احساين أو علي","1229","19399","USFP","الحسن السعيد","73068"
"كلميم -واد نون","سيدي إفني","سيدي احساين أو علي","1229","19397","PAM","عبلا بنوفغى","40963"
"كلميم -واد نون","سيدي إفني","سيدي احساين أو علي","1229","19397","PAM","حسناء العياشي","40993"
"كلميم -واد نون","سيدي إفني","سيدي احساين أو علي","1229","19392","PAM","الحسين بوفوس","40938"
"كلميم -واد نون","سيدي إفني","سيدي احساين أو علي","1229","19396","PAM","ابراهيم ضهيوير","73305"
"كلميم -واد نون","سيدي إفني","سيدي احساين أو علي","1229","19390","PAM","علي حميطوش","73443"
"كلميم -واد نون","سيدي إفني","سيدي احساين أو علي","1229","19398","PAM","عمر اجيكي","40914"
"كلميم -واد نون","سيدي إفني","سيدي احساين أو علي","1229","19394","PPS","الحسين بريز","40977"
"كلميم -واد نون","سيدي إفني","سيدي احساين أو علي","1229","19394","PPS","فضمة المرحوم","40954"
"كلميم -واد نون","سيدي إفني","سيدي احساين أو علي","1229","19395","PPS","ابراهيم بشيشى","26191"
"كلميم -واد نون","سيدي إفني","سيدي احساين أو علي","1229","19389","MP","ببكر بلوش","9059"
"كلميم -واد نون","سيدي إفني","سيدي احساين أو علي","1229","19389","MP","فاضمة هدى","9063"
"كلميم -واد نون","سيدي إفني","سيدي امبارك","1247","19685","RNI","الحسن ماجدور","31657"
"كلميم -واد نون","سيدي إفني","سيدي امبارك","1247","19685","RNI","فاطمة فاتح","31779"
"كلميم -واد نون","سيدي إفني","سيدي امبارك","1247","19675","RNI","احمد زاهو","26158"
"كلميم -واد نون","سيدي إفني","سيدي امبارك","1247","19678","RNI","مبارك بن افقير","31593"
"كلميم -واد نون","سيدي إفني","سيدي امبارك","1247","19680","RNI","لحسن اوكتير","26152"
"كلميم -واد نون","سيدي إفني","سيدي امبارك","1247","19680","RNI","السعدية ابوحشني","26141"
"كلميم -واد نون","سيدي إفني","سيدي امبارك","1247","19682","RNI","احمد بولدام","14660"
"كلميم -واد نون","سيدي إفني","سيدي امبارك","1247","19676","RNI","علي بيكتا","14607"
"كلميم -واد نون","سيدي إفني","سيدي امبارك","1247","19677","RNI","محمد ببكر","14545"
"كلميم -واد نون","سيدي إفني","سيدي امبارك","1247","19681","RNI","الحسين هاشم","54661"
"كلميم -واد نون","سيدي إفني","سيدي امبارك","1247","19679","USFP","ابراهيم فريد","54280"
"كلميم -واد نون","سيدي إفني","سيدي امبارك","1247","19679","USFP","رقية بوقسيم","54303"
"كلميم -واد نون","سيدي إفني","سيدي امبارك","1247","19683","USFP","عبد الله  ساخي","54608"
"كلميم -واد نون","سيدي إفني","سيدي امبارك","1247","19684","PPS","الحسين متوكيل","31623"
"كلميم -واد نون","سيدي إفني","سيدي امبارك","1247","19684","PPS","نعيمة  اكومار ","31639"
"كلميم -واد نون","سيدي إفني","سيدي عبد الله أو بلعيد","1156","18284","PAM","سعيد لعبيد","14496"
"كلميم -واد نون","سيدي إفني","سيدي عبد الله أو بلعيد","1156","18284","PAM","مينة ايت بها","14521"
"كلميم -واد نون","سيدي إفني","سيدي عبد الله أو بلعيد","1156","18290","PAM","ابراهيم مركان","40494"
"كلميم -واد نون","سيدي إفني","سيدي عبد الله أو بلعيد","1156","18282","PAM","الحسن حوسي","14635"
"كلميم -واد نون","سيدي إفني","سيدي عبد الله أو بلعيد","1156","18282","PAM","ازة بهاش","14648"
"كلميم -واد نون","سيدي إفني","سيدي عبد الله أو بلعيد","1156","18291","PAM","احمد اتكضى","14442"
"كلميم -واد نون","سيدي إفني","سيدي عبد الله أو بلعيد","1156","18287","PAM","ابوبكر اومعيوف","14363"
"كلميم -واد نون","سيدي إفني","سيدي عبد الله أو بلعيد","1156","18286","PAM","احمد معيوف","14459"
"كلميم -واد نون","سيدي إفني","سيدي عبد الله أو بلعيد","1156","18292","PAM","عبدالفتاح الفالوزي","14397"
"كلميم -واد نون","سيدي إفني","سيدي عبد الله أو بلعيد","1156","18283","USFP","محمد لمهين","9035"
"كلميم -واد نون","سيدي إفني","سيدي عبد الله أو بلعيد","1156","18283","USFP","فاطمة لمهين","9037"
"كلميم -واد نون","سيدي إفني","سيدي عبد الله أو بلعيد","1156","18288","USFP","محمد مرواحل","1580"
"كلميم -واد نون","سيدي إفني","سيدي عبد الله أو بلعيد","1156","18285","USFP","عمر بوتيني","4647"
"كلميم -واد نون","سيدي إفني","سيدي عبد الله أو بلعيد","1156","18285","USFP","رقية امولي","4703"
"كلميم -واد نون","سيدي إفني","سيدي عبد الله أو بلعيد","1156","18289","USFP","مبارك مكليا","1597"
"كلميم -واد نون","سيدي إفني","مستي","873","13788","USFP","علي بوفيم","8687"
"كلميم -واد نون","سيدي إفني","مستي","873","13787","USFP","مبارك بوشطارت","40386"
"كلميم -واد نون","سيدي إفني","مستي","873","13786","USFP","الحسن احندار","54370"
"كلميم -واد نون","سيدي إفني","مستي","873","13786","USFP","فاطمة زهير","54324"
"كلميم -واد نون","سيدي إفني","مستي","873","13789","USFP","عبدالله العثماني","26303"
"كلميم -واد نون","سيدي إفني","مستي","873","13784","USFP","جمال معيوف","8572"
"كلميم -واد نون","سيدي إفني","مستي","873","13792","USFP","المهدي هرماص","8608"
"كلميم -واد نون","سيدي إفني","مستي","873","13785","PI","سالم تشاطا","54060"
"كلميم -واد نون","سيدي إفني","مستي","873","13785","PI","فتيحة كوكو","54017"
"كلميم -واد نون","سيدي إفني","مستي","873","13791","PI","البشير تلمودي","95386"
"كلميم -واد نون","سيدي إفني","مستي","873","13790","PI","خاليد منار","54169"
"كلميم -واد نون","سيدي إفني","مستي","873","13783","PAM","علي ابدرار","4427"
"كلميم -واد نون","سيدي إفني","مستي","873","13783","PAM","جميعة امهوط","4479"
"كلميم -واد نون","سيدي إفني","مستي","873","13793","UC","الحسن اسباع","19769"
"كلميم -واد نون","سيدي إفني","مستي","873","13793","UC","مباركة اسباع","19792"
"كلميم -واد نون","سيدي إفني","مير اللفت","883","13939","MP","محمد اعراب","93190"
"كلميم -واد نون","سيدي إفني","مير اللفت","883","13939","MP","لطيفة بنمغا","93294"
"كلميم -واد نون","سيدي إفني","مير اللفت","883","13945","MP","محمد حريت","71619"
"كلميم -واد نون","سيدي إفني","مير اللفت","883","13945","MP","فاطمة ادبرم","71682"
"كلميم -واد نون","سيدي إفني","مير اللفت","883","13947","MP","محمد بهوش","54318"
"كلميم -واد نون","سيدي إفني","مير اللفت","883","13949","MP","الحسين جبارة","54402"
"كلميم -واد نون","سيدي إفني","مير اللفت","883","27586","USFP","الحسن جهادي","71208"
"كلميم -واد نون","سيدي إفني","مير اللفت","883","27586","USFP","لطيفة بوراس","71262"
"كلميم -واد نون","سيدي إفني","مير اللفت","883","13942","USFP","امبارك حوما","31229"
"كلميم -واد نون","سيدي إفني","مير اللفت","883","13946","USFP","الحسين اشنكلي","20067"
"كلميم -واد نون","سيدي إفني","مير اللفت","883","13940","USFP","سليمان النجاح","20017"
"كلميم -واد نون","سيدي إفني","مير اللفت","883","13944","USFP","مصطفى ابركا","40268"
"كلميم -واد نون","سيدي إفني","مير اللفت","883","27587","USFP","الحسين تحكاكوت","20114"
"كلميم -واد نون","سيدي إفني","مير اللفت","883","13941","PAM","محمد بوزلماض","93720"
"كلميم -واد نون","سيدي إفني","مير اللفت","883","13941","PAM","فاطمة هرس","93623"
"كلميم -واد نون","سيدي إفني","مير اللفت","883","13943","PJD","سالم ابردام","9039"
"كلميم -واد نون","سيدي إفني","مير اللفت","883","13948","RNI","الحسن الزهيري","121341"
"كلميم -واد نون","طانطان","أبطيح","8","106","PI","السالك كرمون","104560"
"كلميم -واد نون","طانطان","أبطيح","8","106","PI","اجميعة كرمون","104470"
"كلميم -واد نون","طانطان","أبطيح","8","111","PI","اسلامة الوعبان","48531"
"كلميم -واد نون","طانطان","أبطيح","8","111","PI","فاطمتو الوعبان","48588"
"كلميم -واد نون","طانطان","أبطيح","8","114","PI","سي احمد بوسة","14025"
"كلميم -واد نون","طانطان","أبطيح","8","114","PI","السهلة بوسة","14049"
"كلميم -واد نون","طانطان","أبطيح","8","113","PI","ابريهة الطالبي","30197"
"كلميم -واد نون","طانطان","أبطيح","8","107","PI","محمد المري","14088"
"كلميم -واد نون","طانطان","أبطيح","8","108","PI","عزوز لغزال","30131"
"كلميم -واد نون","طانطان","أبطيح","8","109","PRE","سيدي احمد مرزوق","68644"
"كلميم -واد نون","طانطان","أبطيح","8","109","PRE","الكورية بوشلكة","68740"
"كلميم -واد نون","طانطان","أبطيح","8","116","PRE","عبد الله اعمارة","68286"
"كلميم -واد نون","طانطان","أبطيح","8","112","PRE","احمد زين بوشلكة","68788"
"كلميم -واد نون","طانطان","أبطيح","8","115","PRE","البيشير بونعاج","68196"
"كلميم -واد نون","طانطان","أبطيح","8","110","USFP","محمد كرمون","104314"
"كلميم -واد نون","طانطان","الشبيكة","437","6763","MP","مولود بوتباع","19684"
"كلميم -واد نون","طانطان","الشبيكة","437","6763","MP","الزينة السباعي","19737"
"كلميم -واد نون","طانطان","الشبيكة","437","6768","MP","محمد فاضل الجندوزي","1200"
"كلميم -واد نون","طانطان","الشبيكة","437","6768","MP","الغالية بوخيطة","1208"
"كلميم -واد نون","طانطان","الشبيكة","437","6771","MP","محمد بوتباع","1225"
"كلميم -واد نون","طانطان","الشبيكة","437","6773","MP","ابراهيم ابيهة","1227"
"كلميم -واد نون","طانطان","الشبيكة","437","6764","MP","محمود السباعي","1174"
"كلميم -واد نون","طانطان","الشبيكة","437","6765","MP","علي اعمارة","1422"
"كلميم -واد نون","طانطان","الشبيكة","437","6766","MP","احمد الزوين","2427"
"كلميم -واد نون","طانطان","الشبيكة","437","6766","MP","ام الفضل  الزوين ","2436"
"كلميم -واد نون","طانطان","الشبيكة","437","6770","MP","احمد اعمارة","1211"
"كلميم -واد نون","طانطان","الشبيكة","437","6772","MP","علي  زين ","1219"
"كلميم -واد نون","طانطان","الشبيكة","437","6767","MP","علي لبيهات","1203"
"كلميم -واد نون","طانطان","الشبيكة","437","6769","RNI","محمد سالم البلالي","48934"
"كلميم -واد نون","طانطان","الشبيكة","437","6769","RNI","الدرجاله العسري","49028"
"كلميم -واد نون","طانطان","الوطية","514","8044","RNI","عبد الصادق عنقاء ادريسي","15620"
"كلميم -واد نون","طانطان","الوطية","514","8051","RNI","علال جبون","21830"
"كلميم -واد نون","طانطان","الوطية","514","8051","RNI","عائشة اسور","22364"
"كلميم -واد نون","طانطان","الوطية","514","8048","RNI","محمد الطيبي","52409"
"كلميم -واد نون","طانطان","الوطية","514","8048","RNI","امينة سعد الدين","52482"
"كلميم -واد نون","طانطان","الوطية","514","8047","RNI","عبد الرحيم ملول","52430"
"كلميم -واد نون","طانطان","الوطية","514","8046","RNI","ابراهيم اغراي","22016"
"كلميم -واد نون","طانطان","الوطية","514","8042","RNI","رشيد الفكاك","15536"
"كلميم -واد نون","طانطان","الوطية","514","8052","PI","السالك جليخ","8403"
"كلميم -واد نون","طانطان","الوطية","514","8052","PI","مليكة جليخ","8432"
"كلميم -واد نون","طانطان","الوطية","514","27510","PI","نيجة المدرج","30328"
"كلميم -واد نون","طانطان","الوطية","514","8043","PI","علوات الكرن","8393"
"كلميم -واد نون","طانطان","الوطية","514","27511","PJD","اخيار لبات المدرج","15650"
"كلميم -واد نون","طانطان","الوطية","514","8050","USFP","احمد بولون","68203"
"كلميم -واد نون","طانطان","الوطية","514","8045","USFP","خطاري الشيعة","27158"
"كلميم -واد نون","طانطان","الوطية","514","8049","PPS","ابا الشيخ النيه","53002"
"كلميم -واد نون","طانطان","الوطية","514","8049","PPS","نجاة بارة","53041"
"كلميم -واد نون","طانطان","بن خليل","286","4348","PRD","الخليل لفريطيس","9607"
"كلميم -واد نون","طانطان","بن خليل","286","4348","PRD","السالكة اباحنيني","9618"
"كلميم -واد نون","طانطان","بن خليل","286","4346","PRD","مصطفى غزا","38913"
"كلميم -واد نون","طانطان","بن خليل","286","4342","PRD","حمدي اطوير","17904"
"كلميم -واد نون","طانطان","بن خليل","286","4340","PRD","ابراهيم الرابط","38795"
"كلميم -واد نون","طانطان","بن خليل","286","4340","PRD","فاطنة ابا حنيني","38835"
"كلميم -واد نون","طانطان","بن خليل","286","4338","PRD","عبدالفتاح لطرش","38973"
"كلميم -واد نون","طانطان","بن خليل","286","4338","PRD","ليلى العيناني","39018"
"كلميم -واد نون","طانطان","بن خليل","286","4344","PRD","البشير ابا حنيني","108257"
"كلميم -واد نون","طانطان","بن خليل","286","4344","PRD","حانة دهوان","108384"
"كلميم -واد نون","طانطان","بن خليل","286","4339","PRD","محمد يحظيه بودعكات","17969"
"كلميم -واد نون","طانطان","بن خليل","286","4345","PRD","الصديق الفيطح","4640"
"كلميم -واد نون","طانطان","بن خليل","286","4341","PRD","محمد اباحنيني","38910"
"كلميم -واد نون","طانطان","بن خليل","286","4343","PJD","الطاهر البودي","69940"
"كلميم -واد نون","طانطان","بن خليل","286","4347","PPS","بركة بوشعاب","13964"
"كلميم -واد نون","طانطان","تلمزون","1447","22804","RNI","اليزيد العولى","76900"
"كلميم -واد نون","طانطان","تلمزون","1447","22804","RNI","نجاة بوعاولتين","76958"
"كلميم -واد نون","طانطان","تلمزون","1447","22795","RNI","الساهل اعبلا","39711"
"كلميم -واد نون","طانطان","تلمزون","1447","22795","RNI","ام الاخوت المربوح","39787"
"كلميم -واد نون","طانطان","تلمزون","1447","22801","RNI","محمد امبارك سركوح","27750"
"كلميم -واد نون","طانطان","تلمزون","1447","22802","RNI","الداها بوعمود","84793"
"كلميم -واد نون","طانطان","تلمزون","1447","22805","RNI","الجلالي الرحالي","84655"
"كلميم -واد نون","طانطان","تلمزون","1447","22796","RNI","مولاي احمد السائح","84448"
"كلميم -واد نون","طانطان","تلمزون","1447","22799","PI","المهدي فراح","31596"
"كلميم -واد نون","طانطان","تلمزون","1447","22799","PI","امبيريكة بالله","31619"
"كلميم -واد نون","طانطان","تلمزون","1447","22800","PI","بريك بلاه","13929"
"كلميم -واد نون","طانطان","تلمزون","1447","22798","PI","محمد الخن","30472"
"كلميم -واد نون","طانطان","تلمزون","1447","22797","PPS","عبد الرحمان اجف","18255"
"كلميم -واد نون","طانطان","تلمزون","1447","22797","PPS","ميمونة بوركب","18311"
"كلميم -واد نون","طانطان","تلمزون","1447","22803","PPS","امبارك بوركبة","31643"
"كلميم -واد نون","طانطان","طانطان","1372","25075","PJD","ماء العينين اعبيد","7153"
"كلميم -واد نون","طانطان","طانطان","1372","25075","PJD","فاطمة لبيب","7199"
"كلميم -واد نون","طانطان","طانطان","1372","25075","PJD","عبد المغيث شوطى","7231"
"كلميم -واد نون","طانطان","طانطان","1372","25075","PJD","كوثر عبدالاله","7245"
"كلميم -واد نون","طانطان","طانطان","1372","25075","PJD","احمد بورحيم","7263"
"كلميم -واد نون","طانطان","طانطان","1372","25075","PJD","محمد شرفي","7282"
"كلميم -واد نون","طانطان","طانطان","1372","25075","PJD","سمير لبراهمي","7325"
"كلميم -واد نون","طانطان","طانطان","1372","25075","PJD","العربي اضرضور","7351"
"كلميم -واد نون","طانطان","طانطان","1372","25075","PJD","مارية بوبكري","7378"
"كلميم -واد نون","طانطان","طانطان","1372","25075","PJD","بوشتى مبروك","7450"
"كلميم -واد نون","طانطان","طانطان","1372","25075","PJD","عبد الهادي بوصبيع","7523"
"كلميم -واد نون","طانطان","طانطان","1372","25075","PJD","شكيب مسافر","7551"
"كلميم -واد نون","طانطان","طانطان","1372","25075","PAM","عمر ابركى","58665"
"كلميم -واد نون","طانطان","طانطان","1372","25075","PAM","لبنى بوكا","58996"
"كلميم -واد نون","طانطان","طانطان","1372","25075","PAM","ابراهيم اديف","58789"
"كلميم -واد نون","طانطان","طانطان","1372","25075","PAM","مولود مناض","58878"
"كلميم -واد نون","طانطان","طانطان","1372","25075","PAM","محمد صالح الداودي","58962"
"كلميم -واد نون","طانطان","طانطان","1372","25075","PAM","محمد الامام لغفيري","59042"
"كلميم -واد نون","طانطان","طانطان","1372","25075","PRD","الطيب اباحنيني","21290"
"كلميم -واد نون","طانطان","طانطان","1372","25075","PRD","لالة المزليقي","21355"
"كلميم -واد نون","طانطان","طانطان","1372","25075","PRD","حبيب لومان","21348"
"كلميم -واد نون","طانطان","طانطان","1372","25075","PRD","ابراهيم تومزين","21426"
"كلميم -واد نون","طانطان","طانطان","1372","25075","PRD","مصطفى بوعمود","21460"
"كلميم -واد نون","طانطان","طانطان","1372","25075","USFP","عبد الفتاح بولون","69399"
"كلميم -واد نون","طانطان","طانطان","1372","25075","USFP","السالكة لمديميغ","70248"
"كلميم -واد نون","طانطان","طانطان","1372","25075","USFP","البشير بوشعاب","69524"
"كلميم -واد نون","طانطان","طانطان","1372","25075","USFP","محمد زنداك","69905"
"كلميم -واد نون","طانطان","طانطان","1372","25075","USFP","عمر صحيح","70036"
"كلميم -واد نون","طانطان","طانطان","1372","25075","PI","السالك بولون","45062"
"كلميم -واد نون","طانطان","طانطان","1372","25075","PI","فاطمة برديجي","48354"
"كلميم -واد نون","طانطان","طانطان","1372","25075","PI","السالك زيني","45090"
"كلميم -واد نون","طانطان","طانطان","1372","25075","PI","علي البركاوي","45163"
"كلميم -واد نون","طانطان","طانطان","1372","25075","PI","حمدي البح","45191"
"كلميم -واد نون","طانطان","طانطان","1372","25075","PUD","عبد الخالق الكوخ","42805"
"كلميم -واد نون","طانطان","طانطان","1372","25075","PUD","محمد احميدات","42870"
"كلميم -واد نون","طانطان","لمسيد","914","14488","PI","ابراهيم الوعبان","86323"
"كلميم -واد نون","طانطان","لمسيد","914","14488","PI","مباركة ندرى","86479"
"كلميم -واد نون","طانطان","لمسيد","914","14490","PI","محمد سالم لمزوكي","79451"
"كلميم -واد نون","طانطان","لمسيد","914","14481","PI","اسلامة بوعمود","14314"
"كلميم -واد نون","طانطان","لمسيد","914","14481","PI","السالكة بويا حمايا","14326"
"كلميم -واد نون","طانطان","لمسيد","914","14480","PI","لخليفة الصحراوي","56953"
"كلميم -واد نون","طانطان","لمسيد","914","14480","PI","اخديجة احميدان","57022"
"كلميم -واد نون","طانطان","لمسيد","914","14483","PI","مولاي اعلي الوعبان","79738"
"كلميم -واد نون","طانطان","لمسيد","914","14483","PI","عيدة المزوكي","79855"
"كلميم -واد نون","طانطان","لمسيد","914","14487","PI","لحبيب بكار","22237"
"كلميم -واد نون","طانطان","لمسيد","914","14486","PI","ماء العينين سركوح","5884"
"كلميم -واد نون","طانطان","لمسيد","914","14482","PI","سيد احمد بوالجلال","14251"
"كلميم -واد نون","طانطان","لمسيد","914","14485","PI","عالي مفتاح","14355"
"كلميم -واد نون","طانطان","لمسيد","914","14489","PI","علي ملعين","22229"
"كلميم -واد نون","طانطان","لمسيد","914","14484","PI","المحجوب سركوح","14281"
"كلميم -واد نون","كلميم","أباينو","5","64","USFP","سليمان قادش","82532"
"كلميم -واد نون","كلميم","أباينو","5","64","USFP","كلتوم اللوكس","97873"
"كلميم -واد نون","كلميم","أباينو","5","62","USFP","علي خوجان","81802"
"كلميم -واد نون","كلميم","أباينو","5","70","MP","ابراهيم عشور","17834"
"كلميم -واد نون","كلميم","أباينو","5","65","MP","احمد فهمي","58984"
"كلميم -واد نون","كلميم","أباينو","5","66","MP","عبد العزيز بوزكا","5973"
"كلميم -واد نون","كلميم","أباينو","5","69","PAM","علي كواش","49935"
"كلميم -واد نون","كلميم","أباينو","5","68","PAM","ادريس ياسين","50057"
"كلميم -واد نون","كلميم","أباينو","5","63","PI","عالي مرزوق","97417"
"كلميم -واد نون","كلميم","أباينو","5","67","PJD","عبد الله الداودي","6092"
"كلميم -واد نون","كلميم","أباينو","5","67","PJD","ليلة ابعقيل","6101"
"كلميم -واد نون","كلميم","أباينو","5","71","PJD","ابراهيم سمراوي","36189"
"كلميم -واد نون","كلميم","أباينو","5","71","PJD","عزيزة بوزك","98195"
"كلميم -واد نون","كلميم","أباينو","5","61","PSU","رشيد الخيدر","36315"
"كلميم -واد نون","كلميم","أباينو","5","61","PSU","حفيظة  متوكل","36394"
"كلميم -واد نون","كلميم","أداي","12","152","USFP","عمر ادعلي","17409"
"كلميم -واد نون","كلميم","أداي","12","152","USFP","ربيعة ادعلي","17435"
"كلميم -واد نون","كلميم","أداي","12","154","USFP","عبد الله اسكور","36402"
"كلميم -واد نون","كلميم","أداي","12","155","USFP","مبارك احمادي","2240"
"كلميم -واد نون","كلميم","أداي","12","155","USFP","امينة سكراتي","2249"
"كلميم -واد نون","كلميم","أداي","12","159","USFP","محمد الحسن صبري","6052"
"كلميم -واد نون","كلميم","أداي","12","160","USFP","عمر  افقير","10792"
"كلميم -واد نون","كلميم","أداي","12","158","USFP","سعيد القرضيض","10778"
"كلميم -واد نون","كلميم","أداي","12","151","USFP","سعيد ابلا","10784"
"كلميم -واد نون","كلميم","أداي","12","153","RNI","سعيد بضاج","49695"
"كلميم -واد نون","كلميم","أداي","12","153","RNI","ليلى مسكين","49716"
"كلميم -واد نون","كلميم","أداي","12","156","RNI","هاشم مساعد","49856"
"كلميم -واد نون","كلميم","أداي","12","157","RNI","علي الطائش","24865"
"كلميم -واد نون","كلميم","أداي","12","157","RNI","يمنة اوموماد","24884"
"كلميم -واد نون","كلميم","أداي","12","150","RNI","الحسين ايوب","2195"
"كلميم -واد نون","كلميم","أسرير","247","3712","USFP","ابراهيم بهوش","954"
"كلميم -واد نون","كلميم","أسرير","247","3712","USFP","مريم بهداش","901"
"كلميم -واد نون","كلميم","أسرير","247","3707","USFP","الحسن شطير","819"
"كلميم -واد نون","كلميم","أسرير","247","3707","USFP","للاة فاطمة المريني","861"
"كلميم -واد نون","كلميم","أسرير","247","3703","USFP","دحمان امجيدري","484"
"كلميم -واد نون","كلميم","أسرير","247","3703","USFP","ورضية  بوحايك ","849"
"كلميم -واد نون","كلميم","أسرير","247","3713","USFP","محمد زروال","830"
"كلميم -واد نون","كلميم","أسرير","247","3710","USFP","عالي الحوج","841"
"كلميم -واد نون","كلميم","أسرير","247","3705","USFP","مبارك النفاوي","466"
"كلميم -واد نون","كلميم","أسرير","247","3704","PAM","اعلي بوعلام","2097"
"كلميم -واد نون","كلميم","أسرير","247","3704","PAM","محجوبة اكديري","2113"
"كلميم -واد نون","كلميم","أسرير","247","3711","PAM","امبارك لطرش","6114"
"كلميم -واد نون","كلميم","أسرير","247","3709","PAM","مبارك مثيق","98117"
"كلميم -واد نون","كلميم","أسرير","247","3708","PAM","عالي ناطق","17661"
"كلميم -واد نون","كلميم","أسرير","247","3706","PPS","رشيد مود","36072"
"كلميم -واد نون","كلميم","إفران أطلس الصغير","620","9769","USFP","المحفوظ حجي","11752"
"كلميم -واد نون","كلميم","إفران أطلس الصغير","620","9769","USFP","رقية ادريسي","12081"
"كلميم -واد نون","كلميم","إفران أطلس الصغير","620","9768","USFP","ابراهيم الكواسي","11938"
"كلميم -واد نون","كلميم","إفران أطلس الصغير","620","9768","USFP","سعدية العاملي","11910"
"كلميم -واد نون","كلميم","إفران أطلس الصغير","620","9771","USFP","علي بولون","24826"
"كلميم -واد نون","كلميم","إفران أطلس الصغير","620","9764","USFP","محمد افل","268"
"كلميم -واد نون","كلميم","إفران أطلس الصغير","620","9775","USFP","عبد الله وهبي","37346"
"كلميم -واد نون","كلميم","إفران أطلس الصغير","620","9773","USFP","الحسن تفدرا","2496"
"كلميم -واد نون","كلميم","إفران أطلس الصغير","620","9770","USFP","علي اباحوس","24920"
"كلميم -واد نون","كلميم","إفران أطلس الصغير","620","9767","PPS","الحسين مستعين","88160"
"كلميم -واد نون","كلميم","إفران أطلس الصغير","620","9767","PPS","رشيدة الفدار","100298"
"كلميم -واد نون","كلميم","إفران أطلس الصغير","620","9765","PPS","محمد  امنون ","6438"
"كلميم -واد نون","كلميم","إفران أطلس الصغير","620","9776","PPS","عبد الباقي مناضل","101112"
"كلميم -واد نون","كلميم","إفران أطلس الصغير","620","9776","PPS","نعيمة احساينة","101152"
"كلميم -واد نون","كلميم","إفران أطلس الصغير","620","9772","RNI","محمد الدبار","104284"
"كلميم -واد نون","كلميم","إفران أطلس الصغير","620","9774","RNI","محمد بولحلات","65866"
"كلميم -واد نون","كلميم","إفران أطلس الصغير","620","9766","PJD","محمد ديوان","24888"
"كلميم -واد نون","كلميم","أمطضي","210","3085","USFP","عابد اكرام","24828"
"كلميم -واد نون","كلميم","أمطضي","210","3085","USFP","زينة ابيب","84983"
"كلميم -واد نون","كلميم","أمطضي","210","3084","USFP","عبد الله المودن","110332"
"كلميم -واد نون","كلميم","أمطضي","210","3084","USFP","جاليلة متوكل","110459"
"كلميم -واد نون","كلميم","أمطضي","210","3083","USFP","احمد بومزكان","49961"
"كلميم -واد نون","كلميم","أمطضي","210","3081","USFP","الحسن اسارو","6037"
"كلميم -واد نون","كلميم","أمطضي","210","3081","USFP","فاضمة بوزور","6064"
"كلميم -واد نون","كلميم","أمطضي","210","3080","USFP","عمر علاو","6032"
"كلميم -واد نون","كلميم","أمطضي","210","3079","USFP","الحسان بيا","65609"
"كلميم -واد نون","كلميم","أمطضي","210","3082","USFP","الطيب املو","50082"
"كلميم -واد نون","كلميم","أمطضي","210","3086","USFP","عمر اوعدي","86195"
"كلميم -واد نون","كلميم","أمطضي","210","3088","USFP","محمد امرير","86574"
"كلميم -واد نون","كلميم","أمطضي","210","3078","RNI","الحسن عماري","49591"
"كلميم -واد نون","كلميم","أمطضي","210","3078","RNI","فاطمة ادريوش","49653"
"كلميم -واد نون","كلميم","أمطضي","210","3087","PAM","عمر بالحوس","85078"
"كلميم -واد نون","كلميم","آيت بوفلن","108","1583","RNI","الحسن بن حمدي","61184"
"كلميم -واد نون","كلميم","آيت بوفلن","108","1583","RNI","مليكة زمد","61278"
"كلميم -واد نون","كلميم","آيت بوفلن","108","1589","RNI","الحسن اكوجكال","83160"
"كلميم -واد نون","كلميم","آيت بوفلن","108","1589","RNI","فاطمة عبيل","83193"
"كلميم -واد نون","كلميم","آيت بوفلن","108","1584","RNI","الحسن بوتيرام","36717"
"كلميم -واد نون","كلميم","آيت بوفلن","108","1584","RNI","مليكة اركان","36914"
"كلميم -واد نون","كلميم","آيت بوفلن","108","1587","RNI","احمد اكنو","83159"
"كلميم -واد نون","كلميم","آيت بوفلن","108","1590","RNI","علي اركان","34249"
"كلميم -واد نون","كلميم","آيت بوفلن","108","1592","RNI","حمدي ارجوي","3490"
"كلميم -واد نون","كلميم","آيت بوفلن","108","1585","USFP","احمد الازعر","34354"
"كلميم -واد نون","كلميم","آيت بوفلن","108","1585","USFP","السعدية الازعر","34361"
"كلميم -واد نون","كلميم","آيت بوفلن","108","1586","USFP","مبارك منصور","194"
"كلميم -واد نون","كلميم","آيت بوفلن","108","1582","USFP","احمد كجيم","34256"
"كلميم -واد نون","كلميم","آيت بوفلن","108","1591","USFP","محمد داودي","2284"
"كلميم -واد نون","كلميم","آيت بوفلن","108","1588","PPS","مصطفى سوفيان","36939"
"كلميم -واد نون","كلميم","افركط","18","216","USFP","محمد الصغير بوشلكا","17630"
"كلميم -واد نون","كلميم","افركط","18","218","USFP","عمر انوار","80014"
"كلميم -واد نون","كلميم","افركط","18","222","USFP","محمد سالم فريو","1091"
"كلميم -واد نون","كلميم","افركط","18","226","RNI","لحسن مزين","45683"
"كلميم -واد نون","كلميم","افركط","18","226","RNI","ازانة لحرار","45813"
"كلميم -واد نون","كلميم","افركط","18","220","RNI","مبارك الدهوز","45673"
"كلميم -واد نون","كلميم","افركط","18","220","RNI","لطيفة الوثاعي","45684"
"كلميم -واد نون","كلميم","افركط","18","223","RNI","عالي ويس","45836"
"كلميم -واد نون","كلميم","افركط","18","223","RNI","عزيزة اعبر","45846"
"كلميم -واد نون","كلميم","افركط","18","217","PAM","البشير شمورك","60699"
"كلميم -واد نون","كلميم","افركط","18","217","PAM","رغية ازفاط","60989"
"كلميم -واد نون","كلميم","افركط","18","224","PAM","عبد المجيد اماني","46268"
"كلميم -واد نون","كلميم","افركط","18","219","PI","مبارك الحنشاوي","12343"
"كلميم -واد نون","كلميم","افركط","18","221","MP","مبارك عثماني","35823"
"كلميم -واد نون","كلميم","افركط","18","225","MP","محمد اورزاكي","35886"
"كلميم -واد نون","كلميم","الشاطئ الأبيض","476","7435","USFP","الطيب  ظويف","45881"
"كلميم -واد نون","كلميم","الشاطئ الأبيض","476","7435","USFP","النعمة جبارة","45900"
"كلميم -واد نون","كلميم","الشاطئ الأبيض","476","7434","USFP","عبد الله  موما","6590"
"كلميم -واد نون","كلميم","الشاطئ الأبيض","476","7437","USFP","عبد السلام حميدوش","34265"
"كلميم -واد نون","كلميم","الشاطئ الأبيض","476","7439","USFP","السالك بعيريس","5360"
"كلميم -واد نون","كلميم","الشاطئ الأبيض","476","7441","PAM","حمدي العمري","161"
"كلميم -واد نون","كلميم","الشاطئ الأبيض","476","7441","PAM","خديجة  بوشت","163"
"كلميم -واد نون","كلميم","الشاطئ الأبيض","476","7438","PAM","بوبكر باريك","33858"
"كلميم -واد نون","كلميم","الشاطئ الأبيض","476","7438","PAM","مريم البرديجي","33850"
"كلميم -واد نون","كلميم","الشاطئ الأبيض","476","7440","PAM","قاسم  مسالي","1516"
"كلميم -واد نون","كلميم","الشاطئ الأبيض","476","7442","PAM","سعيد بوشتى","1655"
"كلميم -واد نون","كلميم","الشاطئ الأبيض","476","7444","PAM","المخطار زفير","158"
"كلميم -واد نون","كلميم","الشاطئ الأبيض","476","7436","PJD","احمد  شناوي ","2377"
"كلميم -واد نون","كلميم","الشاطئ الأبيض","476","7436","PJD","المكبولة شناوي","2627"
"كلميم -واد نون","كلميم","الشاطئ الأبيض","476","7443","SAP","الطيب مودن","106203"
"كلميم -واد نون","كلميم","بويزكارن","398","6182","USFP","ابراهيم بوركان","2588"
"كلميم -واد نون","كلميم","بويزكارن","398","6182","USFP","فاتحة ابوهاتي","2593"
"كلميم -واد نون","كلميم","بويزكارن","398","6180","USFP","محمد بوكيوض","261"
"كلميم -واد نون","كلميم","بويزكارن","398","27475","USFP","مصطفى  النجاح ","24076"
"كلميم -واد نون","كلميم","بويزكارن","398","27475","USFP","جميلة الوزاني","24107"
"كلميم -واد نون","كلميم","بويزكارن","398","6183","USFP","ابراهيم الصافي","596"
"كلميم -واد نون","كلميم","بويزكارن","398","6177","USFP","موسى الصافي","582"
"كلميم -واد نون","كلميم","بويزكارن","398","6184","USFP","رشيد ترمام","24058"
"كلميم -واد نون","كلميم","بويزكارن","398","6181","PAM","الحسن الفوى","67809"
"كلميم -واد نون","كلميم","بويزكارن","398","6181","PAM","غلا لبنات لبيض","67817"
"كلميم -واد نون","كلميم","بويزكارن","398","6179","PAM","محمد حميشت","97222"
"كلميم -واد نون","كلميم","بويزكارن","398","6174","PAM","حسن ابلاوحي","105102"
"كلميم -واد نون","كلميم","بويزكارن","398","27474","PAM","محمد موساوي","32159"
"كلميم -واد نون","كلميم","بويزكارن","398","6175","PAM","علي بولير","98010"
"كلميم -واد نون","كلميم","بويزكارن","398","6175","PAM","رقية اسيناي","101856"
"كلميم -واد نون","كلميم","بويزكارن","398","6173","PAM","الحسن بوراس","105245"
"كلميم -واد نون","كلميم","بويزكارن","398","6176","PJD","محمد بيضنابن","37589"
"كلميم -واد نون","كلميم","بويزكارن","398","6178","RNI","عبد اللطيف  خليل ","67942"
"كلميم -واد نون","كلميم","بويزكارن","398","6172","RNI","عبد الله خليل","67837"
"كلميم -واد نون","كلميم","تركى وساي","1390","21898","USFP","محمد بعلات","963"
"كلميم -واد نون","كلميم","تركى وساي","1390","21898","USFP","خديجة بعلات","970"
"كلميم -واد نون","كلميم","تركى وساي","1390","21896","USFP","عمر بن حدا","927"
"كلميم -واد نون","كلميم","تركى وساي","1390","21896","USFP","فوزية مومن","949"
"كلميم -واد نون","كلميم","تركى وساي","1390","21899","USFP","الحسين بوخنوش","2924"
"كلميم -واد نون","كلميم","تركى وساي","1390","21899","USFP","حفيظة بوخنوش","2934"
"كلميم -واد نون","كلميم","تركى وساي","1390","21905","USFP","عبدالفتاح عياش","930"
"كلميم -واد نون","كلميم","تركى وساي","1390","21897","USFP","يحظيه لزعر","102562"
"كلميم -واد نون","كلميم","تركى وساي","1390","21897","USFP","رغية عامي","102437"
"كلميم -واد نون","كلميم","تركى وساي","1390","21902","USFP","عبد الوهاب صيكا","923"
"كلميم -واد نون","كلميم","تركى وساي","1390","21900","PAM","البشير الغردك","6127"
"كلميم -واد نون","كلميم","تركى وساي","1390","21904","PAM","الحسن ماح ماح","18056"
"كلميم -واد نون","كلميم","تركى وساي","1390","21903","PAM","الحسن المهنديز","5987"
"كلميم -واد نون","كلميم","تركى وساي","1390","21906","PAM","براهيم بن اغراي","5948"
"كلميم -واد نون","كلميم","تركى وساي","1390","21901","PAM","عبد الله لشهب","6007"
"كلميم -واد نون","كلميم","تغجيجت","1329","20998","USFP","ابراهيم بري","136"
"كلميم -واد نون","كلميم","تغجيجت","1329","20996","USFP","محمد الزعيم","17087"
"كلميم -واد نون","كلميم","تغجيجت","1329","20996","USFP","عائشة ابن ادريس","17110"
"كلميم -واد نون","كلميم","تغجيجت","1329","20994","USFP","الحسين بويرمان","130"
"كلميم -واد نون","كلميم","تغجيجت","1329","20997","USFP","مبارك اد لعسري","2569"
"كلميم -واد نون","كلميم","تغجيجت","1329","20987","USFP","ايحي السايح","2591"
"كلميم -واد نون","كلميم","تغجيجت","1329","20987","USFP","خديجة الوزاني","2595"
"كلميم -واد نون","كلميم","تغجيجت","1329","20992","USFP","الحسن اوالمحجوب","133"
"كلميم -واد نون","كلميم","تغجيجت","1329","20991","USFP","احمد اوعجين","128"
"كلميم -واد نون","كلميم","تغجيجت","1329","20995","USFP","محمد اتسلامت","27539"
"كلميم -واد نون","كلميم","تغجيجت","1329","20988","USFP","محماد الطاي","125"
"كلميم -واد نون","كلميم","تغجيجت","1329","20999","USFP","الحسين اضرضور","2607"
"كلميم -واد نون","كلميم","تغجيجت","1329","20993","RNI","حسن اداعلي","22272"
"كلميم -واد نون","كلميم","تغجيجت","1329","20993","RNI","سميرة ادا علي","22285"
"كلميم -واد نون","كلميم","تغجيجت","1329","20990","PJD","عبد القاسم اقبيل","6528"
"كلميم -واد نون","كلميم","تغجيجت","1329","20989","UC","رشيد ازنكض","6497"
"كلميم -واد نون","كلميم","تغجيجت","1329","20989","UC","فاطمة ازنكض","6511"
"كلميم -واد نون","كلميم","تكانت","1326","20954","USFP","احيا افردان","46924"
"كلميم -واد نون","كلميم","تكانت","1326","20954","USFP","ليلى باعزيز","46978"
"كلميم -واد نون","كلميم","تكانت","1326","20960","USFP","علي بوشرحا","17218"
"كلميم -واد نون","كلميم","تكانت","1326","20960","USFP","حنان لخصاصي","17228"
"كلميم -واد نون","كلميم","تكانت","1326","20953","USFP","عبدالسلام والزان","17086"
"كلميم -واد نون","كلميم","تكانت","1326","20953","USFP","هندة دريوش","17092"
"كلميم -واد نون","كلميم","تكانت","1326","20959","USFP","عبد الله ازعكون","17195"
"كلميم -واد نون","كلميم","تكانت","1326","20956","USFP","الحسن احربيل","17148"
"كلميم -واد نون","كلميم","تكانت","1326","20957","USFP","احمد احربيل","17162"
"كلميم -واد نون","كلميم","تكانت","1326","20955","USFP","ابراهيم اوبيسيدان","17171"
"كلميم -واد نون","كلميم","تكانت","1326","20958","USFP","حسن الكوراري","17599"
"كلميم -واد نون","كلميم","تكانت","1326","20961","USFP","مبارك الفرياضي","17156"
"كلميم -واد نون","كلميم","تكانت","1326","20962","USFP","احمد اولخليفت","17137"
"كلميم -واد نون","كلميم","تكانت","1326","20952","PJD","احمد كولي","47082"
"كلميم -واد نون","كلميم","تكانت","1326","20952","PJD","خديجة كولي","47129"
"كلميم -واد نون","كلميم","تكليت","1442","22727","PI","محمد السارح","66710"
"كلميم -واد نون","كلميم","تكليت","1442","22727","PI","رغية الهنداوي","66749"
"كلميم -واد نون","كلميم","تكليت","1442","22732","PI","الحسن بوتينخار","123932"
"كلميم -واد نون","كلميم","تكليت","1442","22732","PI","العالية بوتينخار","46945"
"كلميم -واد نون","كلميم","تكليت","1442","22729","PI","مبارك بوتا","106038"
"كلميم -واد نون","كلميم","تكليت","1442","22733","PI","عبد الوهاب بوتنخار","47380"
"كلميم -واد نون","كلميم","تكليت","1442","22728","PI","بوجمعة سلوف","65963"
"كلميم -واد نون","كلميم","تكليت","1442","22724","PI","احمد الغيش","46981"
"كلميم -واد نون","كلميم","تكليت","1442","22730","PI","مولود بوتمولا","47233"
"كلميم -واد نون","كلميم","تكليت","1442","22726","PI","لحسن الساخي","36812"
"كلميم -واد نون","كلميم","تكليت","1442","22731","USFP","لحسن طريف","47037"
"كلميم -واد نون","كلميم","تكليت","1442","22731","USFP","محجوبة راجي","47148"
"كلميم -واد نون","كلميم","تكليت","1442","22725","USFP","المهدي لبتايت","66032"
"كلميم -واد نون","كلميم","تكليت","1442","22734","PAM","الحسن الساري","2621"
"كلميم -واد نون","كلميم","تكليت","1442","22734","PAM","حسينة الساري","2629"
"كلميم -واد نون","كلميم","تلوين أسكا","1350","21285","USFP","ابراهيم النصحي","17511"
"كلميم -واد نون","كلميم","تلوين أسكا","1350","21293","USFP","الحسن باهي","36301"
"كلميم -واد نون","كلميم","تلوين أسكا","1350","21293","USFP","امحيجيبة امزيان","36398"
"كلميم -واد نون","كلميم","تلوين أسكا","1350","21288","USFP","محمد عنوز","49009"
"كلميم -واد نون","كلميم","تلوين أسكا","1350","21288","USFP","فاطمة بوتورضي","49071"
"كلميم -واد نون","كلميم","تلوين أسكا","1350","21289","USFP","الحسن الديخن","48935"
"كلميم -واد نون","كلميم","تلوين أسكا","1350","21284","USFP","احمد امزيان","17555"
"كلميم -واد نون","كلميم","تلوين أسكا","1350","21286","USFP","الحسن بدوح","17538"
"كلميم -واد نون","كلميم","تلوين أسكا","1350","21287","RNI","عبد الخالق الفرواح","81436"
"كلميم -واد نون","كلميم","تلوين أسكا","1350","21287","RNI","امباركة بيسمكان","81459"
"كلميم -واد نون","كلميم","تلوين أسكا","1350","21292","RNI","محمد الترسيم","17618"
"كلميم -واد نون","كلميم","تلوين أسكا","1350","21294","RNI","عبد الله البجرفاوي","81542"
"كلميم -واد نون","كلميم","تلوين أسكا","1350","21291","PI","عبد الله بن عبد الله","81654"
"كلميم -واد نون","كلميم","تلوين أسكا","1350","21291","PI","فاطمة الدويك","81679"
"كلميم -واد نون","كلميم","تلوين أسكا","1350","21290","PJD","ابراهيم بللوش","2884"
"كلميم -واد نون","كلميم","تيمولاي","1454","22888","USFP","علي بحمان","2640"
"كلميم -واد نون","كلميم","تيمولاي","1454","22888","USFP","جميلة سوسي","2660"
"كلميم -واد نون","كلميم","تيمولاي","1454","22890","USFP","محمد ادالحاج","286"
"كلميم -واد نون","كلميم","تيمولاي","1454","22890","USFP","خديجة اوخوش","230"
"كلميم -واد نون","كلميم","تيمولاي","1454","22891","USFP","سالم الكمري","6367"
"كلميم -واد نون","كلميم","تيمولاي","1454","22887","USFP","ابراهيم اداوضبيب","238"
"كلميم -واد نون","كلميم","تيمولاي","1454","22886","USFP","محمد الدهبي","11860"
"كلميم -واد نون","كلميم","تيمولاي","1454","22893","USFP","الحسين احنضور","6360"
"كلميم -واد نون","كلميم","تيمولاي","1454","22892","USFP","البشير جاريف","277"
"كلميم -واد نون","كلميم","تيمولاي","1454","22894","USFP","عمر اعفان","303"
"كلميم -واد نون","كلميم","تيمولاي","1454","22885","PJD","عبد الله اد بنعلي","89531"
"كلميم -واد نون","كلميم","تيمولاي","1454","22885","PJD","مينة ادبنعلي","89077"
"كلميم -واد نون","كلميم","تيمولاي","1454","22884","PJD","رشيد مسعودي","56395"
"كلميم -واد نون","كلميم","تيمولاي","1454","22884","PJD","خديجة بولعجين","56502"
"كلميم -واد نون","كلميم","تيمولاي","1454","22889","PSU","الحسين حاميقي","1082"
"كلميم -واد نون","كلميم","راس أمليل","1086","17079","RNI","البشير بركان","46445"
"كلميم -واد نون","كلميم","راس أمليل","1086","17079","RNI","الحبيبة مديد","46464"
"كلميم -واد نون","كلميم","راس أمليل","1086","17084","RNI","عاشور الهامل","20925"
"كلميم -واد نون","كلميم","راس أمليل","1086","17087","RNI","المهدي بوكا","20922"
"كلميم -واد نون","كلميم","راس أمليل","1086","17088","USFP","مربيه التفافي","20917"
"كلميم -واد نون","كلميم","راس أمليل","1086","17081","USFP","حمدي بركوز","39890"
"كلميم -واد نون","كلميم","راس أمليل","1086","17081","USFP","كليمينة لمهدن","39918"
"كلميم -واد نون","كلميم","راس أمليل","1086","17085","USFP","احمد فريسن","12112"
"كلميم -واد نون","كلميم","راس أمليل","1086","17082","USFP","ابراهيم بوفري","20931"
"كلميم -واد نون","كلميم","راس أمليل","1086","17080","USFP","العروسي جوى","5892"
"كلميم -واد نون","كلميم","راس أمليل","1086","17078","PI","محمد عالي لشكر","40008"
"كلميم -واد نون","كلميم","راس أمليل","1086","17078","PI","فاطمة اميدان","40026"
"كلميم -واد نون","كلميم","راس أمليل","1086","17083","PI","المحجوب البرديجي","82482"
"كلميم -واد نون","كلميم","راس أمليل","1086","17086","PJD","محمد عالي بوغاريون","83742"
"كلميم -واد نون","كلميم","راس أمليل","1086","17086","PJD","اسحابة بوغريون","83824"
"كلميم -واد نون","كلميم","فاصك","536","8439","USFP","عبد الله ادوز","153"
"كلميم -واد نون","كلميم","فاصك","536","8432","USFP","مبارك الديماني","14871"
"كلميم -واد نون","كلميم","فاصك","536","8432","USFP","زينب الحرشوي","14878"
"كلميم -واد نون","كلميم","فاصك","536","8434","USFP","علال باتا","138"
"كلميم -واد نون","كلميم","فاصك","536","8437","USFP","محمد لمشوط","14926"
"كلميم -واد نون","كلميم","فاصك","536","8437","USFP","رغية خودان","14912"
"كلميم -واد نون","كلميم","فاصك","536","8441","USFP","بوجمعة اوعدي","2632"
"كلميم -واد نون","كلميم","فاصك","536","8442","PI","ابراهيم بندير","65381"
"كلميم -واد نون","كلميم","فاصك","536","8442","PI","رشيدة شكى","65912"
"كلميم -واد نون","كلميم","فاصك","536","8436","PI","البشير الراحن","14903"
"كلميم -واد نون","كلميم","فاصك","536","8438","PI","رشيد بوهنكر","66809"
"كلميم -واد نون","كلميم","فاصك","536","8435","PI","محمد الحيان","14930"
"كلميم -واد نون","كلميم","فاصك","536","8440","PI","اسماعيل فرنوشي","104804"
"كلميم -واد نون","كلميم","فاصك","536","8433","RNI","ابراهيم ماسو","120378"
"كلميم -واد نون","كلميم","فاصك","536","8433","RNI","كلثوم كرون","120407"
"كلميم -واد نون","كلميم","كلميم","572","25073","USFP","محمد بلفقيه","253"
"كلميم -واد نون","كلميم","كلميم","572","25073","USFP","للامليكة الادريسي","438"
"كلميم -واد نون","كلميم","كلميم","572","25073","USFP","امبارك احسين","259"
"كلميم -واد نون","كلميم","كلميم","572","25073","USFP","الغالية نظيف","443"
"كلميم -واد نون","كلميم","كلميم","572","25073","USFP","بوبكر ايت بيه","264"
"كلميم -واد نون","كلميم","كلميم","572","25073","USFP","الحسين فطوش","267"
"كلميم -واد نون","كلميم","كلميم","572","25073","USFP","امبارك ارباع","271"
"كلميم -واد نون","كلميم","كلميم","572","25073","USFP","الحسن اد يحي","274"
"كلميم -واد نون","كلميم","كلميم","572","25073","USFP","اعلي قتاد","279"
"كلميم -واد نون","كلميم","كلميم","572","25073","USFP","البشير ابيشمو","282"
"كلميم -واد نون","كلميم","كلميم","572","25073","USFP","عبد هلاب","285"
"كلميم -واد نون","كلميم","كلميم","572","25073","USFP","لامين سهل","288"
"كلميم -واد نون","كلميم","كلميم","572","25073","USFP","امحمد ابوناشيط","27349"
"كلميم -واد نون","كلميم","كلميم","572","25073","USFP","الحسين بوشيت","295"
"كلميم -واد نون","كلميم","كلميم","572","25073","RNI","عبد الوهاب المدميغ","27025"
"كلميم -واد نون","كلميم","كلميم","572","25073","RNI","سعدية بوهروشان","27052"
"كلميم -واد نون","كلميم","كلميم","572","25073","RNI","امبارك بوعيدة","27037"
"كلميم -واد نون","كلميم","كلميم","572","25073","RNI","عمر المهداوي","27056"
"كلميم -واد نون","كلميم","كلميم","572","25073","RNI","مصطفى وراغي","27069"
"كلميم -واد نون","كلميم","كلميم","572","25073","RNI","لحسن حاميد","27081"
"كلميم -واد نون","كلميم","كلميم","572","25073","RNI","مبارك الهديلي","27091"
"كلميم -واد نون","كلميم","كلميم","572","25073","RNI","البشير اندار","27103"
"كلميم -واد نون","كلميم","كلميم","572","25073","PJD","عبد اللطيف بنمر","55587"
"كلميم -واد نون","كلميم","كلميم","572","25073","PJD","صفية حم","57091"
"كلميم -واد نون","كلميم","كلميم","572","25073","PJD","الحسين مروان","55624"
"كلميم -واد نون","كلميم","كلميم","572","25073","PJD","علي شاي","55645"
"كلميم -واد نون","كلميم","كلميم","572","25073","PJD","محمد بوزغبات","55658"
"كلميم -واد نون","كلميم","كلميم","572","25073","PJD","محمد امسول","55806"
"كلميم -واد نون","كلميم","كلميم","572","25073","PJD","محمد الصرايدي","55743"
"كلميم -واد نون","كلميم","كلميم","572","25073","PJD","خطري شويعار","55757"
"كلميم -واد نون","كلميم","كلميم","572","25073","PI","ابراهيم حيدرا","50372"
"كلميم -واد نون","كلميم","كلميم","572","25073","PI","سعاد فهدي","50970"
"كلميم -واد نون","كلميم","كلميم","572","25073","PI","الحسن حمنا","50428"
"كلميم -واد نون","كلميم","كلميم","572","25073","PI","الحبيب بيروك","50457"
"كلميم -واد نون","كلميم","كلميم","572","25073","PI","سلامة هوين","50475"
"كلميم -واد نون","كلميم","كلميم","572","25073","MP","محمد لامين حنانة","313"
"كلميم -واد نون","كلميم","كلميم","572","25073","MP","عائشة حنانة","482"
"كلميم -واد نون","كلميم","كلميم","572","25073","MP","عبد الرحمان  غيات","334"
"كلميم -واد نون","كلميم","كلميم","572","25073","MP","علي حميص","413"
"كلميم -واد نون","كلميم","لبيار","750","11808","PI","اسماعيل لعمير","24424"
"كلميم -واد نون","كلميم","لبيار","750","11808","PI","نجاة  افنيدو ","24435"
"كلميم -واد نون","كلميم","لبيار","750","11811","PI","يحظيه كريدش","39815"
"كلميم -واد نون","كلميم","لبيار","750","11811","PI","حسناء كريدش","39845"
"كلميم -واد نون","كلميم","لبيار","750","11809","PI","محمد صبيوت","24467"
"كلميم -واد نون","كلميم","لبيار","750","11807","PI","سعيد جبيهي","85590"
"كلميم -واد نون","كلميم","لبيار","750","11807","PI","عمرانة بلعاص","85612"
"كلميم -واد نون","كلميم","لبيار","750","11814","PI","ماءالعينين بواحبوس","24454"
"كلميم -واد نون","كلميم","لبيار","750","11806","PI","مبارك ناجح","24477"
"كلميم -واد نون","كلميم","لبيار","750","11812","MP","الحسن صبى","20888"
"كلميم -واد نون","كلميم","لبيار","750","11812","MP","مريم شميس","85742"
"كلميم -واد نون","كلميم","لبيار","750","11804","MP","عبدالله ابوزيد","20907"
"كلميم -واد نون","كلميم","لبيار","750","11810","MP","ركيبي جندالي","20900"
"كلميم -واد نون","كلميم","لبيار","750","11805","MP","محمد سالم سناس","12523"
"كلميم -واد نون","كلميم","لبيار","750","11813","RNI","محمد شميس","103601"
"كلميم -واد نون","كلميم","لقصابي تكوست","791","12467","RNI","عمر بديه","3085"
"كلميم -واد نون","كلميم","لقصابي تكوست","791","12475","RNI","عبد الرحمان افكراش","6070"
"كلميم -واد نون","كلميم","لقصابي تكوست","791","12475","RNI","عزيزة التلمودي","6085"
"كلميم -واد نون","كلميم","لقصابي تكوست","791","12466","RNI","يحظيه حمايد","2959"
"كلميم -واد نون","كلميم","لقصابي تكوست","791","12474","RNI","صالح الطفساوي","49151"
"كلميم -واد نون","كلميم","لقصابي تكوست","791","12473","RNI","عبد النبي العواد","17775"
"كلميم -واد نون","كلميم","لقصابي تكوست","791","12468","RNI","فراجي فخري","6103"
"كلميم -واد نون","كلميم","لقصابي تكوست","791","12470","PJD","مولود الداودي","17654"
"كلميم -واد نون","كلميم","لقصابي تكوست","791","12470","PJD","لوبنة بريش","17686"
"كلميم -واد نون","كلميم","لقصابي تكوست","791","12469","PJD","عبد الفتاح ارجدال","49513"
"كلميم -واد نون","كلميم","لقصابي تكوست","791","12472","PJD","عمر سامي الصلح","3025"
"كلميم -واد نون","كلميم","لقصابي تكوست","791","12472","PJD","الناجمة الغمري","3042"
"كلميم -واد نون","كلميم","لقصابي تكوست","791","12465","PPS","بوعيدة بن بكار","59032"
"كلميم -واد نون","كلميم","لقصابي تكوست","791","12471","PI","البشير يرجى الله","36136"
"كلميم -واد نون","كلميم","لقصابي تكوست","791","12471","PI","فريدة حيدار","36511"